{"metadata":{"asset_id":"5a60e212-54d3-409d-9869-defb82d85b7a","asset_attributes":["data_asset","directory_asset","location_definition"],"name":"Recipe Preparation Agent.pdf","asset_type":"data_asset","created_at":"2025-08-23T08:05:36Z","origin_country":"us","owner_id":"IBMid-6960012R7E","project_id":"bd291c40-306c-4fa1-9be4-e81d524951a2","size":3993411,"usage":{"last_update_time":1755936336969,"last_updated_at":"2025-08-23T08:05:36Z"}},"entity":{"data_asset":{"mime_type":"application/pdf","dataset":false},"directory_asset":{"path":""}},"attachments":[{"id":"0631216d-a28a-428c-89c8-81860b721a45","version":2,"asset_type":"data_asset","name":"Recipe Preparation Agent.pdf","mime":"application/pdf","datasource_type":"193a97c1-4475-4a19-b90c-295c4fdc6517","object_key":"Recipe Preparation Agent.pdf","creator_id":"IBMid-6960012R7E","create_time":1755936337302,"size":3993411,"is_remote":false,"is_managed":false,"is_referenced":true,"is_object_key_read_only":true,"is_user_provided_path_key":true,"transfer_complete":true,"is_partitioned":false,"complete_time_ticks":1755936337302,"user_data":{},"test_doc":0,"handle":{"bucket":"project-donotdelete-pr-pswptlcerpzhbj","location":"eu-gb","type":"bluemix_cos","key":"Recipe Preparation Agent.pdf","upload_id":"done","max_part_num":1},"usage":{"access_count":0,"last_accessor_id":"IBMid-6960012R7E","last_access_time":1755936337302}}]}
