{"id":"d8634111-6bea-4e73-88e0-dde41ba97b02","name":"Recipe Preparation Agent","description":"","created_at":1755936351487,"created_by":"IBMid-6960012R7E","last_updated_at":1755936354863,"last_updated_by":"IBMid-6960012R7E","data_assets":["5a60e212-54d3-409d-9869-defb82d85b7a"],"store":{"type":"memory"},"settings":{"chunk_size":2000,"chunk_overlap":200,"split_pdf_pages":true,"top_k":3,"rerank":false,"embedding_model_id":"sentence-transformers/all-minilm-l6-v2"},"status":"ready","attachment_object_key":"vector_index/RecipePreparationAgent__da__dwj35tfifs.gz"}
